NBA Team,Wins in 2015-2016 Season,Likes On Facbook
Atlanta Hawks,48,1643875
Boston Celtics,48,8768905
Brooklyn Nets,21,2807705
Charlotte Hornets,48,1765549
Chicago Bulls,42,18911327
Cleveland Cavaliers,57,8069065
Dallas Mavericks,42,4548555
Denver Nuggets,33,1982090
Detroit Pistons,44,1898922
Golden State Warriors,73,10237712
Houston Rockets,41,5176477
Indiana Pacers,45,3340513
LA Clippers,53,3919949
Los Angeles Lakers,17,21874658
Memphis Grizzlies,42,1843979
Miami Heat,48,16094857
Milwaukee Bucks,33,1533821
Minnesota Timberwolves,29,1887833
New Orleans Pelicans,30,1672966
New York Knicks,32,6179041
Oklahoma City Thunder,55,7300746
Orlando Magic,35,2772316
Philadelphia 76ers,10,1585064
Phoenix Suns,23,1909541
Portland Trail Blazers,44,2435096
Sacramento Kings,33,1977827
San Antonio Spurs,67,7108929
Toronto Raptors,56,2236483
Utah Jazz,40,1217423
Washington Wizards,41,1557047
,Source:�http://www.nba.com/standings,Source: https://facebook.com
